Department,Số nghỉ việc,Tổng nhân viên,Attrition Rate (%),Chênh lệch với trung bình (%)
Sales,92,446,20.62780269058296,4.505353710991123
Human Resources,12,63,19.047619047619047,2.92517006802721
Research & Development,133,961,13.839750260145681,-2.282698719446156
